label,b0,b1,b2,b3
benchmark,0.051000000000000004,0.098,0.15300000000000002,0.196
