label,b1,b2
start1,5.0000000000000000e+02,1.0000000000000000e-04
start2,3.0000000000000000e+02,2.0000000000000001e-04
certified,3.3799746162999998e+02,3.9039091286999998e-04
