label,b1,b2,b3,b4,b5,b6,b7,b8,b9
start1,1.1000000000000000e+01,3.0000000000000000e+00,5.0000000000000000e-01,4.0000000000000000e+01,-6.9999999999999996e-01,-1.3000000000000000e+00,2.5000000000000000e+01,-2.9999999999999999e-01,1.3999999999999999e+00
start2,1.0000000000000000e+01,3.0000000000000000e+00,5.0000000000000000e-01,4.4000000000000000e+01,-1.5000000000000000e+00,5.0000000000000000e-01,2.6000000000000000e+01,-1.0000000000000001e-01,1.5000000000000000e+00
certified,1.0510749193000001e+01,3.0762128084999998e+00,5.3280138226999996e-01,4.4311088699999999e+01,-1.6231428586000001e+00,5.2554493755999998e-01,2.6887614440000000e+01,2.1232288488000001e-01,1.4966870418000000e+00
