label,b1,b2,b3,b4,b5,b6,b7,b8
start1,9.7000000000000000e+01,8.9999999999999993e-03,1.0000000000000000e+02,6.5000000000000000e+01,2.0000000000000000e+01,7.0000000000000000e+01,1.7800000000000000e+02,1.6500000000000000e+01
start2,9.4000000000000000e+01,1.0500000000000001e-02,9.9000000000000000e+01,6.3000000000000000e+01,2.5000000000000000e+01,7.1000000000000000e+01,1.8000000000000000e+02,2.0000000000000000e+01
certified,9.8778210870999999e+01,1.0497276517000000e-02,1.0048990633000000e+02,6.7481111275999993e+01,2.3129773360000002e+01,7.1994503003999995e+01,1.7899805021000000e+02,1.8389389025000000e+01
