label,b1,b2,b3,b4
start1,1.0000000000000000e+02,1.0000000000000000e+01,1.0000000000000000e+00,1.0000000000000000e+00
start2,7.0000000000000000e+02,5.0000000000000000e+00,7.5000000000000000e-01,1.3000000000000000e+00
certified,6.9964151270000002e+02,5.2771253025000000e+00,7.5962938328999996e-01,1.2792483858999999e+00
