label,b1,b2,b3,b4,b5,b6,b7
start1,1.0000000000000000e+03,1.0000000000000000e+03,4.0000000000000000e+02,4.0000000000000000e+01,6.9999999999999996e-01,2.9999999999999999e-01,2.9999999999999999e-02
start2,1.3000000000000000e+03,1.5000000000000000e+03,5.0000000000000000e+02,7.5000000000000000e+01,1.0000000000000000e+00,4.0000000000000002e-01,5.0000000000000003e-02
certified,1.2881396800000000e+03,1.4910792535000000e+03,5.8323836876999997e+02,7.5416644290999997e+01,9.6629502864000005e-01,3.9797285796999998e-01,4.9727297348999999e-02
