label,b1,b2,b3
start1,2.0000000000000000e+00,4.0000000000000000e+05,2.5000000000000000e+04
start2,2.0000000000000000e-02,4.0000000000000000e+03,2.5000000000000000e+02
certified,5.6096364709999997e-03,6.1813463462999998e+03,3.4522363461999998e+02
