label,b1,b2
start1,5.0000000000000000e+02,1.0000000000000000e-04
start2,6.0000000000000000e+02,2.0000000000000001e-04
certified,6.3642725809000001e+02,2.0813627256000000e-04
