label,b1,b2
start1,1.0000000000000000e+00,5.0000000000000000e+00
start2,6.9999999999999996e-01,4.0000000000000000e+00
certified,7.6886226176000005e-01,3.8604055870999998e+00
