label,b1,b2,b3
start1,1.0000000000000000e+02,1.0000000000000000e+00,1.0000000000000001e-01
start2,7.5000000000000000e+01,2.5000000000000000e+00,7.0000000000000007e-02
certified,7.2462237576000007e+01,2.6180768402000001e+00,6.7359200066000005e-02
