label,b1,b2
start1,1.0000000000000000e+00,1.0000000000000000e+00
start2,1.0000000000000000e+02,7.5000000000000000e-01
certified,2.1380940888999999e+02,5.4723748541999995e-01
