label,b1,b2,b3
start1,1.0000000000000001e-01,1.0000000000000000e-02,2.0000000000000000e-02
start2,1.4999999999999999e-01,8.0000000000000002e-03,1.0000000000000000e-02
certified,1.9027818369999999e-01,6.1314004476999999e-03,1.0530908399000000e-02
