label,b1,b2,b3,b4,b5,b6
start1,1.2000000000000000e+00,2.9999999999999999e-01,5.5999999999999996e+00,5.5000000000000000e+00,6.5000000000000000e+00,7.5999999999999996e+00
start2,5.0000000000000000e-01,6.9999999999999996e-01,3.6000000000000001e+00,4.2000000000000002e+00,4.0000000000000000e+00,6.2999999999999998e+00
certified,9.5100000027000003e-02,1.0000000001000000e+00,8.6070000013000003e-01,3.0000000002000000e+00,1.5575999998000001e+00,5.0000000001000000e+00
