label,b1,b2,b3,b4,b5,b6
start1,1.2000000000000000e+00,2.9999999999999999e-01,5.5999999999999996e+00,5.5000000000000000e+00,6.5000000000000000e+00,7.5999999999999996e+00
start2,5.0000000000000000e-01,6.9999999999999996e-01,3.6000000000000001e+00,4.2000000000000002e+00,4.0000000000000000e+00,6.2999999999999998e+00
certified,9.6251029939000005e-02,1.0057332849000000e+00,8.6424689056000004e-01,3.0078283914999999e+00,1.5529016878999999e+00,5.0028798099999996e+00
