label,b1,b2,b3,b4,b5
start1,2.0000000000000000e+00,-1.0000000000000001e-01,3.0000000000000001e-03,-1.0000000000000000e-03,1.0000000000000001e-05
start2,1.5000000000000000e+00,-1.4999999999999999e-01,2.5000000000000001e-03,-1.5000000000000000e-03,2.0000000000000002e-05
certified,1.6745063063000001e+00,-1.3927397866999999e-01,2.5961181191000000e-03,-1.7241811870000001e-03,2.1664802578000001e-05
