label,b1,b2,b3
start1,-2.0000000000000000e+03,5.0000000000000000e+01,8.0000000000000004e-01
start2,-1.5000000000000000e+03,4.5000000000000000e+01,8.4999999999999998e-01
certified,-2.5235058042999999e+03,4.6736564643999998e+01,9.3218483193000001e-01
