label,b1,b2,b3,b4
start1,2.5000000000000000e+01,3.9000000000000000e+01,4.1500000000000000e+01,3.9000000000000000e+01
start2,2.5000000000000000e-01,3.9000000000000001e-01,4.1499999999999998e-01,3.9000000000000001e-01
certified,1.9280693458000001e-01,1.9128232873000001e-01,1.2305650693000000e-01,1.3606233068000001e-01
