label,b1,b2,b3,b4
start1,1.0000000000000001e-01,-1.0000000000000001e-05,1.0000000000000000e+03,-1.0000000000000000e+02
start2,2.0000000000000001e-01,-5.0000000000000004e-06,1.2000000000000000e+03,-1.5000000000000000e+02
certified,2.0196866395999999e-01,-6.1953516256000002e-06,1.2044556708000000e+03,-1.8134269537000000e+02
