label,b1,b2,b3
start1,1.0000000000000000e+00,1.0000000000000000e+01,5.0000000000000000e+02
start2,1.5000000000000000e+00,5.0000000000000000e+00,4.5000000000000000e+02
certified,1.5543827178000000e+00,4.0888321754000003e+00,4.5154121844000002e+02
