label,b1,b2,b3,b4,b5,b6,b7,b8
start1,9.4900000000000006e+01,8.9999999999999993e-03,9.0099999999999994e+01,1.1300000000000000e+02,2.0000000000000000e+01,7.3799999999999997e+01,1.4000000000000000e+02,2.0000000000000000e+01
start2,9.6000000000000000e+01,9.5999999999999992e-03,8.0000000000000000e+01,1.1000000000000000e+02,2.5000000000000000e+01,7.4000000000000000e+01,1.3900000000000000e+02,2.5000000000000000e+01
certified,9.8940368969999994e+01,1.0945879335000000e-02,1.0069553078000000e+02,1.1163619459000000e+02,2.3300500028999998e+01,7.3705031418000004e+01,1.4776164251000000e+02,1.9668221230000000e+01
