label,b1,b2
start1,5.0000000000000000e+02,1.0000000000000000e-04
start2,4.5000000000000000e+02,2.9999999999999997e-04
certified,4.3736970753999998e+02,3.0227324449000001e-04
