label,b1,b2,b3,b4,b5,b6,b7
start1,1.0000000000000000e+01,-1.0000000000000000e+00,5.0000000000000003e-02,-1.0000000000000001e-05,-5.0000000000000003e-02,1.0000000000000000e-03,-9.9999999999999995e-07
start2,1.0000000000000000e+00,-1.0000000000000001e-01,5.0000000000000001e-03,-9.9999999999999995e-07,-5.0000000000000001e-03,1.0000000000000000e-04,-9.9999999999999995e-08
certified,1.0776351733000000e+00,-1.2269296921000000e-01,4.0863750609999999e-03,-1.4262662514000000e-06,-5.7609940900999997e-03,2.4053735503000001e-04,-1.2314450199000001e-07
