label,b1,b2,b3
start1,2.0000000000000000e+00,1.0000000000000000e-04,-1.0000000000000000e-02
start2,2.5000000000000000e+00,5.0000000000000001e-09,-5.0000000000000003e-02
certified,2.5906836020999999e+00,5.6177717026000002e-09,-5.7701013173999997e-02
