label,b1,b2
start1,5.0000000000000000e+02,1.0000000000000000e-04
start2,2.5000000000000000e+02,5.0000000000000001e-04
certified,2.3894212917999999e+02,5.5015643180999997e-04
