label,b1,b2,b3,b4,b5
start1,5.0000000000000000e+01,1.5000000000000000e+02,-1.0000000000000000e+02,1.0000000000000000e+00,2.0000000000000000e+00
start2,5.0000000000000000e-01,1.5000000000000000e+00,-1.0000000000000000e+00,1.0000000000000000e-02,2.0000000000000000e-02
certified,3.7541005211000000e-01,1.9358469127000000e+00,-1.4646871366000001e+00,1.2867534640000001e-02,2.2122699661999999e-02
