label,b1,b2,b3,b4,b5,b6,b7,b8
start1,9.6000000000000000e+01,8.9999999999999993e-03,1.0300000000000000e+02,1.0600000000000000e+02,1.8000000000000000e+01,7.2000000000000000e+01,1.5100000000000000e+02,1.8000000000000000e+01
start2,9.8000000000000000e+01,1.0500000000000001e-02,1.0300000000000000e+02,1.0500000000000000e+02,2.0000000000000000e+01,7.3000000000000000e+01,1.5000000000000000e+02,2.0000000000000000e+01
certified,9.9018328405999995e+01,1.0994945399000000e-02,1.0188022528000000e+02,1.0703095519000000e+02,2.3578584029000002e+01,7.2045589471000000e+01,1.5327010193999999e+02,1.9525972635999999e+01
