label,b1,b2,b3
start1,1.0000000000000001e-01,1.0000000000000000e-02,2.0000000000000000e-02
start2,1.4999999999999999e-01,8.0000000000000002e-03,1.0000000000000000e-02
certified,1.6657666536999999e-01,5.1653291286000002e-03,1.2150007096000000e-02
